{"mean":{"confidence_interval":{"confidence_level":0.95,"lower_bound":194.9886169673202,"upper_bound":195.5258699567205},"point_estimate":195.25144380192572,"standard_error":0.13685225607313514},"median":{"confidence_interval":{"confidence_level":0.95,"lower_bound":194.53135849825046,"upper_bound":195.07342922564163},"point_estimate":194.73319354208812,"standard_error":0.1433782167863671},"median_abs_dev":{"confidence_interval":{"confidence_level":0.95,"lower_bound":1.5104983293640892,"upper_bound":2.091888855696041},"point_estimate":1.7406928661840735,"standard_error":0.1505592419872566},"slope":{"confidence_interval":{"confidence_level":0.95,"lower_bound":195.08740950598354,"upper_bound":195.77438528857644},"point_estimate":195.41571164964674,"standard_error":0.17540052383153595},"std_dev":{"confidence_interval":{"confidence_level":0.95,"lower_bound":2.0593264980737596,"upper_bound":2.693761384584923},"point_estimate":2.3733338844014624,"standard_error":0.162219226468574}}