{"mean":{"confidence_interval":{"confidence_level":0.95,"lower_bound":213.07453763095555,"upper_bound":213.8620145589595},"point_estimate":213.46412255148493,"standard_error":0.20107503216572203},"median":{"confidence_interval":{"confidence_level":0.95,"lower_bound":212.7973709202122,"upper_bound":213.8402679655933},"point_estimate":213.3918284801187,"standard_error":0.30189740487541394},"median_abs_dev":{"confidence_interval":{"confidence_level":0.95,"lower_bound":2.7889836052512793,"upper_bound":3.5769161185271265},"point_estimate":3.195377407052698,"standard_error":0.2007228132260823},"slope":{"confidence_interval":{"confidence_level":0.95,"lower_bound":212.9666812320614,"upper_bound":213.71438404774918},"point_estimate":213.3363291988002,"standard_error":0.19077452768033062},"std_dev":{"confidence_interval":{"confidence_level":0.95,"lower_bound":3.111119044751214,"upper_bound":3.86325480451739},"point_estimate":3.479161557713064,"standard_error":0.1927397164702765}}