{"mean":{"confidence_interval":{"confidence_level":0.95,"lower_bound":214.208070385214,"upper_bound":215.51442431143198},"point_estimate":214.79644244686574,"standard_error":0.3341945642245546},"median":{"confidence_interval":{"confidence_level":0.95,"lower_bound":213.68685763530186,"upper_bound":214.31553990030073},"point_estimate":214.03984516069818,"standard_error":0.14500782559152245},"median_abs_dev":{"confidence_interval":{"confidence_level":0.95,"lower_bound":2.3610531959382177,"upper_bound":3.15299224456409},"point_estimate":2.673966987139303,"standard_error":0.20182723922320933},"slope":{"confidence_interval":{"confidence_level":0.95,"lower_bound":213.68137277796149,"upper_bound":214.80079894887484},"point_estimate":214.18969583964778,"standard_error":0.28601042001835464},"std_dev":{"confidence_interval":{"confidence_level":0.95,"lower_bound":3.3366186980665047,"upper_bound":8.50558566159997},"point_estimate":5.792820116648629,"standard_error":1.4696526862535932}}