{"mean":{"confidence_interval":{"confidence_level":0.95,"lower_bound":2582.9218009159435,"upper_bound":2605.0151476532765},"point_estimate":2593.4279737683287,"standard_error":5.6412542758218285},"median":{"confidence_interval":{"confidence_level":0.95,"lower_bound":2575.0633349826817,"upper_bound":2586.4554910797196},"point_estimate":2581.5558694173783,"standard_error":3.09842748344957},"median_abs_dev":{"confidence_interval":{"confidence_level":0.95,"lower_bound":35.72501000020481,"upper_bound":46.52366023866505},"point_estimate":40.82872299083338,"standard_error":2.7966666002621596},"slope":{"confidence_interval":{"confidence_level":0.95,"lower_bound":2593.7479689460897,"upper_bound":2627.8435708742704},"point_estimate":2609.366866749551,"standard_error":8.698112615167926},"std_dev":{"confidence_interval":{"confidence_level":0.95,"lower_bound":73.46163322442051,"upper_bound":119.79026671549279},"point_estimate":97.69216001687819,"standard_error":11.88538419849538}}