{"mean":{"confidence_interval":{"confidence_level":0.95,"lower_bound":2278.377974233638,"upper_bound":2289.9807266549074},"point_estimate":2283.960876046992,"standard_error":2.9663282172684724},"median":{"confidence_interval":{"confidence_level":0.95,"lower_bound":2273.3115846166447,"upper_bound":2282.7622893258426},"point_estimate":2276.9246337539944,"standard_error":2.5111492654812664},"median_abs_dev":{"confidence_interval":{"confidence_level":0.95,"lower_bound":30.73521427911337,"upper_bound":41.19456951671857},"point_estimate":36.45464885647286,"standard_error":2.5807952205242395},"slope":{"confidence_interval":{"confidence_level":0.95,"lower_bound":2270.885973525073,"upper_bound":2285.3135040113666},"point_estimate":2277.3678504264763,"standard_error":3.6879407055488587},"std_dev":{"confidence_interval":{"confidence_level":0.95,"lower_bound":40.78044089668654,"upper_bound":62.10939315200572},"point_estimate":51.41592762075756,"standard_error":5.4716628554894475}}