{"mean":{"confidence_interval":{"confidence_level":0.95,"lower_bound":102944.47797940079,"upper_bound":103720.76211736906},"point_estimate":103297.40919370823,"standard_error":198.51426530410103},"median":{"confidence_interval":{"confidence_level":0.95,"lower_bound":102602.45278894911,"upper_bound":102771.1393442623},"point_estimate":102688.86959639285,"standard_error":46.22964712203991},"median_abs_dev":{"confidence_interval":{"confidence_level":0.95,"lower_bound":607.187073919943,"upper_bound":921.0553389694088},"point_estimate":759.707561586386,"standard_error":82.00259985237899},"slope":{"confidence_interval":{"confidence_level":0.95,"lower_bound":102985.76457783606,"upper_bound":103668.95818277627},"point_estimate":103300.81265874705,"standard_error":174.21944201941088},"std_dev":{"confidence_interval":{"confidence_level":0.95,"lower_bound":1956.826090862951,"upper_bound":4735.994718046178},"point_estimate":3448.7136296058616,"standard_error":708.8320819856527}}